{
  "dataset_revision": "c22ab2a51041ffd869aaddef7af8d8215647e41a",
  "task_name": "ArguAna",
  "mteb_version": "2.10.3",
  "scores": {
    "test": [
      {
        "ndcg_at_1": 0.25605,
        "ndcg_at_3": 0.39434,
        "ndcg_at_5": 0.44876,
        "ndcg_at_10": 0.50167,
        "ndcg_at_20": 0.53159,
        "ndcg_at_100": 0.54534,
        "ndcg_at_1000": 0.54772,
        "map_at_1": 0.25605,
        "map_at_3": 0.35965,
        "map_at_5": 0.38981,
        "map_at_10": 0.41165,
        "map_at_20": 0.42009,
        "map_at_100": 0.4223,
        "map_at_1000": 0.42241,
        "recall_at_1": 0.25605,
        "recall_at_3": 0.49502,
        "recall_at_5": 0.62731,
        "recall_at_10": 0.7909,
        "recall_at_20": 0.90754,
        "recall_at_100": 0.97724,
        "recall_at_1000": 0.99502,
        "accuracy": 0.25605,
        "precision_at_1": 0.25605,
        "precision_at_3": 0.16501,
        "precision_at_5": 0.12546,
        "precision_at_10": 0.07909,
        "precision_at_20": 0.04538,
        "precision_at_100": 0.00977,
        "precision_at_1000": 0.001,
        "mrr_at_1": 0.26458,
        "mrr_at_3": 0.361664,
        "mrr_at_5": 0.392852,
        "mrr_at_10": 0.414795,
        "mrr_at_20": 0.423195,
        "mrr_at_100": 0.42544,
        "mrr_at_1000": 0.425549,
        "nauc_ndcg_at_1_max": -0.026985,
        "nauc_ndcg_at_1_std": -0.063801,
        "nauc_ndcg_at_1_diff1": 0.151278,
        "nauc_ndcg_at_3_max": -0.008098,
        "nauc_ndcg_at_3_std": -0.063175,
        "nauc_ndcg_at_3_diff1": 0.115352,
        "nauc_ndcg_at_5_max": -0.023232,
        "nauc_ndcg_at_5_std": -0.063304,
        "nauc_ndcg_at_5_diff1": 0.09888,
        "nauc_ndcg_at_10_max": -0.011734,
        "nauc_ndcg_at_10_std": -0.06061,
        "nauc_ndcg_at_10_diff1": 0.098504,
        "nauc_ndcg_at_20_max": -0.005604,
        "nauc_ndcg_at_20_std": -0.058284,
        "nauc_ndcg_at_20_diff1": 0.109233,
        "nauc_ndcg_at_100_max": -0.005248,
        "nauc_ndcg_at_100_std": -0.051759,
        "nauc_ndcg_at_100_diff1": 0.115358,
        "nauc_ndcg_at_1000_max": -0.011247,
        "nauc_ndcg_at_1000_std": -0.056156,
        "nauc_ndcg_at_1000_diff1": 0.113505,
        "nauc_map_at_1_max": -0.026985,
        "nauc_map_at_1_std": -0.063801,
        "nauc_map_at_1_diff1": 0.151278,
        "nauc_map_at_3_max": -0.01452,
        "nauc_map_at_3_std": -0.06489,
        "nauc_map_at_3_diff1": 0.1221,
        "nauc_map_at_5_max": -0.023287,
        "nauc_map_at_5_std": -0.064662,
        "nauc_map_at_5_diff1": 0.112783,
        "nauc_map_at_10_max": -0.018683,
        "nauc_map_at_10_std": -0.06311,
        "nauc_map_at_10_diff1": 0.113832,
        "nauc_map_at_20_max": -0.017092,
        "nauc_map_at_20_std": -0.062472,
        "nauc_map_at_20_diff1": 0.116826,
        "nauc_map_at_100_max": -0.016869,
        "nauc_map_at_100_std": -0.061618,
        "nauc_map_at_100_diff1": 0.11801,
        "nauc_map_at_1000_max": -0.017103,
        "nauc_map_at_1000_std": -0.06177,
        "nauc_map_at_1000_diff1": 0.117924,
        "nauc_recall_at_1_max": -0.026985,
        "nauc_recall_at_1_std": -0.063801,
        "nauc_recall_at_1_diff1": 0.151278,
        "nauc_recall_at_3_max": 0.010574,
        "nauc_recall_at_3_std": -0.057786,
        "nauc_recall_at_3_diff1": 0.097195,
        "nauc_recall_at_5_max": -0.024191,
        "nauc_recall_at_5_std": -0.058815,
        "nauc_recall_at_5_diff1": 0.053926,
        "nauc_recall_at_10_max": 0.025785,
        "nauc_recall_at_10_std": -0.049122,
        "nauc_recall_at_10_diff1": 0.022533,
        "nauc_recall_at_20_max": 0.127002,
        "nauc_recall_at_20_std": -0.014673,
        "nauc_recall_at_20_diff1": 0.056318,
        "nauc_recall_at_100_max": 0.501588,
        "nauc_recall_at_100_std": 0.467578,
        "nauc_recall_at_100_diff1": 0.173584,
        "nauc_recall_at_1000_max": 0.134229,
        "nauc_recall_at_1000_std": 0.66556,
        "nauc_recall_at_1000_diff1": -0.239262,
        "nauc_precision_at_1_max": -0.026985,
        "nauc_precision_at_1_std": -0.063801,
        "nauc_precision_at_1_diff1": 0.151278,
        "nauc_precision_at_3_max": 0.010574,
        "nauc_precision_at_3_std": -0.057786,
        "nauc_precision_at_3_diff1": 0.097195,
        "nauc_precision_at_5_max": -0.024191,
        "nauc_precision_at_5_std": -0.058815,
        "nauc_precision_at_5_diff1": 0.053926,
        "nauc_precision_at_10_max": 0.025785,
        "nauc_precision_at_10_std": -0.049122,
        "nauc_precision_at_10_diff1": 0.022533,
        "nauc_precision_at_20_max": 0.127002,
        "nauc_precision_at_20_std": -0.014673,
        "nauc_precision_at_20_diff1": 0.056318,
        "nauc_precision_at_100_max": 0.501588,
        "nauc_precision_at_100_std": 0.467578,
        "nauc_precision_at_100_diff1": 0.173584,
        "nauc_precision_at_1000_max": 0.134229,
        "nauc_precision_at_1000_std": 0.66556,
        "nauc_precision_at_1000_diff1": -0.239262,
        "nauc_mrr_at_1_max": -0.035026,
        "nauc_mrr_at_1_std": -0.062365,
        "nauc_mrr_at_1_diff1": 0.122827,
        "nauc_mrr_at_3_max": -0.032623,
        "nauc_mrr_at_3_std": -0.066943,
        "nauc_mrr_at_3_diff1": 0.09378,
        "nauc_mrr_at_5_max": -0.038969,
        "nauc_mrr_at_5_std": -0.063953,
        "nauc_mrr_at_5_diff1": 0.086747,
        "nauc_mrr_at_10_max": -0.033379,
        "nauc_mrr_at_10_std": -0.063067,
        "nauc_mrr_at_10_diff1": 0.088051,
        "nauc_mrr_at_20_max": -0.032453,
        "nauc_mrr_at_20_std": -0.062498,
        "nauc_mrr_at_20_diff1": 0.090112,
        "nauc_mrr_at_100_max": -0.032156,
        "nauc_mrr_at_100_std": -0.061595,
        "nauc_mrr_at_100_diff1": 0.091294,
        "nauc_mrr_at_1000_max": -0.032393,
        "nauc_mrr_at_1000_std": -0.061745,
        "nauc_mrr_at_1000_diff1": 0.091198,
        "hit_rate_at_1": 0.25605,
        "hit_rate_at_3": 0.49502,
        "hit_rate_at_5": 0.62731,
        "hit_rate_at_10": 0.7909,
        "hit_rate_at_20": 0.90754,
        "hit_rate_at_100": 0.97724,
        "hit_rate_at_1000": 0.99502,
        "main_score": 0.50167,
        "hf_subset": "default",
        "languages": [
          "eng-Latn"
        ]
      }
    ]
  },
  "evaluation_time": 222.94374656677246,
  "kg_co2_emissions": null,
  "date": null
}