{
  "dataset_revision": "ec0fa4fe99da2ff19ca1214b7966684033a58814",
  "task_name": "NFCorpus",
  "mteb_version": "2.10.3",
  "scores": {
    "test": [
      {
        "ndcg_at_1": 0.39474,
        "ndcg_at_3": 0.36355,
        "ndcg_at_5": 0.34164,
        "ndcg_at_10": 0.31594,
        "ndcg_at_20": 0.29327,
        "ndcg_at_100": 0.29455,
        "ndcg_at_1000": 0.38283,
        "map_at_1": 0.04323,
        "map_at_3": 0.07722,
        "map_at_5": 0.09231,
        "map_at_10": 0.11048,
        "map_at_20": 0.12257,
        "map_at_100": 0.14244,
        "map_at_1000": 0.15684,
        "recall_at_1": 0.04323,
        "recall_at_3": 0.09053,
        "recall_at_5": 0.11959,
        "recall_at_10": 0.15499,
        "recall_at_20": 0.18891,
        "recall_at_100": 0.31151,
        "recall_at_1000": 0.63211,
        "accuracy": 0.04323,
        "precision_at_1": 0.41486,
        "precision_at_3": 0.34881,
        "precision_at_5": 0.30279,
        "precision_at_10": 0.24334,
        "precision_at_20": 0.17817,
        "precision_at_100": 0.07981,
        "precision_at_1000": 0.02096,
        "mrr_at_1": 0.414861,
        "mrr_at_3": 0.480908,
        "mrr_at_5": 0.498865,
        "mrr_at_10": 0.504558,
        "mrr_at_20": 0.507117,
        "mrr_at_100": 0.510139,
        "mrr_at_1000": 0.510612,
        "nauc_ndcg_at_1_max": 0.325425,
        "nauc_ndcg_at_1_std": 0.116213,
        "nauc_ndcg_at_1_diff1": 0.333488,
        "nauc_ndcg_at_3_max": 0.340228,
        "nauc_ndcg_at_3_std": 0.196458,
        "nauc_ndcg_at_3_diff1": 0.208665,
        "nauc_ndcg_at_5_max": 0.344824,
        "nauc_ndcg_at_5_std": 0.231304,
        "nauc_ndcg_at_5_diff1": 0.194319,
        "nauc_ndcg_at_10_max": 0.339251,
        "nauc_ndcg_at_10_std": 0.270556,
        "nauc_ndcg_at_10_diff1": 0.153284,
        "nauc_ndcg_at_20_max": 0.326711,
        "nauc_ndcg_at_20_std": 0.285945,
        "nauc_ndcg_at_20_diff1": 0.14171,
        "nauc_ndcg_at_100_max": 0.361122,
        "nauc_ndcg_at_100_std": 0.304734,
        "nauc_ndcg_at_100_diff1": 0.164971,
        "nauc_ndcg_at_1000_max": 0.43503,
        "nauc_ndcg_at_1000_std": 0.387781,
        "nauc_ndcg_at_1000_diff1": 0.170227,
        "nauc_map_at_1_max": 0.051049,
        "nauc_map_at_1_std": -0.102719,
        "nauc_map_at_1_diff1": 0.318598,
        "nauc_map_at_3_max": 0.110629,
        "nauc_map_at_3_std": -0.039169,
        "nauc_map_at_3_diff1": 0.23432,
        "nauc_map_at_5_max": 0.149157,
        "nauc_map_at_5_std": -0.002626,
        "nauc_map_at_5_diff1": 0.215592,
        "nauc_map_at_10_max": 0.195898,
        "nauc_map_at_10_std": 0.055769,
        "nauc_map_at_10_diff1": 0.17463,
        "nauc_map_at_20_max": 0.226055,
        "nauc_map_at_20_std": 0.104111,
        "nauc_map_at_20_diff1": 0.160389,
        "nauc_map_at_100_max": 0.253769,
        "nauc_map_at_100_std": 0.175537,
        "nauc_map_at_100_diff1": 0.143468,
        "nauc_map_at_1000_max": 0.2657,
        "nauc_map_at_1000_std": 0.213874,
        "nauc_map_at_1000_diff1": 0.130688,
        "nauc_recall_at_1_max": 0.051049,
        "nauc_recall_at_1_std": -0.102719,
        "nauc_recall_at_1_diff1": 0.318598,
        "nauc_recall_at_3_max": 0.112025,
        "nauc_recall_at_3_std": -0.0245,
        "nauc_recall_at_3_diff1": 0.211113,
        "nauc_recall_at_5_max": 0.136079,
        "nauc_recall_at_5_std": 0.01647,
        "nauc_recall_at_5_diff1": 0.196887,
        "nauc_recall_at_10_max": 0.17587,
        "nauc_recall_at_10_std": 0.069314,
        "nauc_recall_at_10_diff1": 0.147149,
        "nauc_recall_at_20_max": 0.193202,
        "nauc_recall_at_20_std": 0.114415,
        "nauc_recall_at_20_diff1": 0.13546,
        "nauc_recall_at_100_max": 0.252632,
        "nauc_recall_at_100_std": 0.225757,
        "nauc_recall_at_100_diff1": 0.136154,
        "nauc_recall_at_1000_max": 0.284598,
        "nauc_recall_at_1000_std": 0.305697,
        "nauc_recall_at_1000_diff1": 0.058127,
        "nauc_precision_at_1_max": 0.355717,
        "nauc_precision_at_1_std": 0.126618,
        "nauc_precision_at_1_diff1": 0.327638,
        "nauc_precision_at_3_max": 0.38403,
        "nauc_precision_at_3_std": 0.255576,
        "nauc_precision_at_3_diff1": 0.137299,
        "nauc_precision_at_5_max": 0.385439,
        "nauc_precision_at_5_std": 0.317622,
        "nauc_precision_at_5_diff1": 0.094708,
        "nauc_precision_at_10_max": 0.356771,
        "nauc_precision_at_10_std": 0.377573,
        "nauc_precision_at_10_diff1": 0.004452,
        "nauc_precision_at_20_max": 0.311623,
        "nauc_precision_at_20_std": 0.425203,
        "nauc_precision_at_20_diff1": -0.033685,
        "nauc_precision_at_100_max": 0.205925,
        "nauc_precision_at_100_std": 0.431717,
        "nauc_precision_at_100_diff1": -0.092438,
        "nauc_precision_at_1000_max": 0.084364,
        "nauc_precision_at_1000_std": 0.30973,
        "nauc_precision_at_1000_diff1": -0.121467,
        "nauc_mrr_at_1_max": 0.355717,
        "nauc_mrr_at_1_std": 0.126618,
        "nauc_mrr_at_1_diff1": 0.327638,
        "nauc_mrr_at_3_max": 0.409485,
        "nauc_mrr_at_3_std": 0.186638,
        "nauc_mrr_at_3_diff1": 0.325978,
        "nauc_mrr_at_5_max": 0.416984,
        "nauc_mrr_at_5_std": 0.200781,
        "nauc_mrr_at_5_diff1": 0.333618,
        "nauc_mrr_at_10_max": 0.419062,
        "nauc_mrr_at_10_std": 0.204455,
        "nauc_mrr_at_10_diff1": 0.331937,
        "nauc_mrr_at_20_max": 0.420308,
        "nauc_mrr_at_20_std": 0.208688,
        "nauc_mrr_at_20_diff1": 0.332174,
        "nauc_mrr_at_100_max": 0.42039,
        "nauc_mrr_at_100_std": 0.209217,
        "nauc_mrr_at_100_diff1": 0.331456,
        "nauc_mrr_at_1000_max": 0.419965,
        "nauc_mrr_at_1000_std": 0.208563,
        "nauc_mrr_at_1000_diff1": 0.331235,
        "hit_rate_at_1": 0.41486,
        "hit_rate_at_3": 0.56966,
        "hit_rate_at_5": 0.64706,
        "hit_rate_at_10": 0.6904,
        "hit_rate_at_20": 0.72755,
        "hit_rate_at_100": 0.84211,
        "hit_rate_at_1000": 0.94737,
        "main_score": 0.31594,
        "hf_subset": "default",
        "languages": [
          "eng-Latn"
        ]
      }
    ]
  },
  "evaluation_time": 144.04509615898132,
  "kg_co2_emissions": null,
  "date": null
}